<!-- РЕДАКТИРОВАТЬ ТОЛЬКО В NOTEPAD++ / EDIT ONLY IN NOTEPAD++ -->
<root>
    <!-- Настройки мода / Mod config -->

    <!-- Набор модулей / Modules set: 
    0 - Стоковые модули / Stock modules
    1 - Топовые модули / Top modules

    Например / Example:
    Со стоковыми модулями ИС-8 имеет / In stock IS-8 have:
    Башня / Turret - Т-10
    Пушка / Gun - 122 mm D-25T
    C топовыми / :
    Башня / Turret - Т-10М
    Пушка / Gun - 122 mm M62-T2
    -->
    <vehicleCondition>1</vehicleCondition>
  
    <!-- Экспертные настройки, в обшинсве случаев этот функционал лишний -->
    <!-- Expert config section, in most cases this is excessive functional -->
    <expert>
        <allow>False</allow> <!-- Включение/отключение всех экспертных настроек / Allow/Disallow all expert section -->
        <!-- Загрузка карты из конфига / Space loading from config -->
        <allowConfigSpace>False</allowConfigSpace> <!-- Активация/деактивация / Allow/Disallow -->
        <keyCfgSpaceLoading>KEY_NONE</keyCfgSpaceLoading> <!-- Кнопка загрузки карты из конфига, с зажатым Ctrl! / Key to loading space from config, whith hold Ctrl! -->
        <space>00_tank_tutorial</space> <!-- Карта из paths.xml / Space from paths.xml -->
    </expert>
</root>